arch,seed,acc,params,train_s
seed,100,0.4642,48354,149.59
hill_gpu_seed1,100,0.491,49698,206.55
hill_gpu_seed2,100,0.4844,49378,200.75
seed,101,0.4766,48354,160.66
hill_gpu_seed1,101,0.5058,49698,226.26
hill_gpu_seed2,101,0.4792,49378,212.38
seed,102,0.4682,48354,157.42
hill_gpu_seed1,102,0.504,49698,196.18
hill_gpu_seed2,102,0.4772,49378,194.31
seed,103,0.474,48354,142.5
hill_gpu_seed1,103,0.4944,49698,193.72
hill_gpu_seed2,103,0.4716,49378,190.01
seed,104,0.4728,48354,152.11
hill_gpu_seed1,104,0.5068,49698,220.67
hill_gpu_seed2,104,0.4822,49378,227.29
