gen,cand,parent,mutation,params,macs,peak_act,acc,fitness,deployable,train_s,genome,accs
0,0,,seed,48354,1920768,12288,0.461,0.24164185364164378,1,22.257776549085975,"{""stem_width"": 24, ""act_shift"": 4, ""blocks"": [{""kind"": ""shift"", ""out"": 48, ""stride"": 1, ""k"": 3}, {""kind"": ""asym"", ""out"": 96, ""stride"": 2, ""k"": 5}, {""kind"": ""shift"", ""out"": 96, ""stride"": 1, ""k"": 3}, {""kind"": ""asym"", ""out"": 128, ""stride"": 2, ""k"": 5}, {""kind"": ""shift"", ""out"": 128, ""stride"": 1, ""k"": 3}]}","[0.475, 0.472, 0.4605, 0.455, 0.4425]"
1,0,best,stride block3 2->1,48354,3320064,12288,0.47139999999999993,0.2472884227655807,1,21.601287635043263,"{""stem_width"": 24, ""act_shift"": 4, ""blocks"": [{""kind"": ""shift"", ""out"": 48, ""stride"": 1, ""k"": 3}, {""kind"": ""asym"", ""out"": 96, ""stride"": 2, ""k"": 5}, {""kind"": ""shift"", ""out"": 96, ""stride"": 1, ""k"": 3}, {""kind"": ""asym"", ""out"": 128, ""stride"": 1, ""k"": 5}, {""kind"": ""shift"", ""out"": 128, ""stride"": 1, ""k"": 3}]}","[0.472, 0.488, 0.4655, 0.473, 0.4585]"
1,1,best,stride block3 1->2,48354,1920768,12288,0.46110000000000007,0.24174185364164383,1,21.606106432154775,"{""stem_width"": 24, ""act_shift"": 4, ""blocks"": [{""kind"": ""shift"", ""out"": 48, ""stride"": 1, ""k"": 3}, {""kind"": ""asym"", ""out"": 96, ""stride"": 2, ""k"": 5}, {""kind"": ""shift"", ""out"": 96, ""stride"": 1, ""k"": 3}, {""kind"": ""asym"", ""out"": 128, ""stride"": 2, ""k"": 5}, {""kind"": ""shift"", ""out"": 128, ""stride"": 1, ""k"": 3}]}","[0.4745, 0.4685, 0.4635, 0.4595, 0.4395]"
1,2,best,width block2 96->64,40738,2840832,12288,0.46769999999999995,0.24643109489621723,1,21.437250047922134,"{""stem_width"": 24, ""act_shift"": 4, ""blocks"": [{""kind"": ""shift"", ""out"": 48, ""stride"": 1, ""k"": 3}, {""kind"": ""asym"", ""out"": 96, ""stride"": 2, ""k"": 5}, {""kind"": ""shift"", ""out"": 64, ""stride"": 1, ""k"": 3}, {""kind"": ""asym"", ""out"": 128, ""stride"": 1, ""k"": 5}, {""kind"": ""shift"", ""out"": 128, ""stride"": 1, ""k"": 3}]}","[0.4545, 0.4765, 0.4725, 0.4735, 0.4615]"
1,3,best,act leak 2^-4->2^-3,48354,3320064,12288,0.4683,0.24418842276558075,1,21.418135626241565,"{""stem_width"": 24, ""act_shift"": 3, ""blocks"": [{""kind"": ""shift"", ""out"": 48, ""stride"": 1, ""k"": 3}, {""kind"": ""asym"", ""out"": 96, ""stride"": 2, ""k"": 5}, {""kind"": ""shift"", ""out"": 96, ""stride"": 1, ""k"": 3}, {""kind"": ""asym"", ""out"": 128, ""stride"": 1, ""k"": 5}, {""kind"": ""shift"", ""out"": 128, ""stride"": 1, ""k"": 3}]}","[0.4665, 0.4775, 0.47, 0.4705, 0.457]"
2,0,best,act leak 2^-4->2^-5,48354,3320064,12288,0.47030000000000005,0.2461884227655808,1,21.58502513356507,"{""stem_width"": 24, ""act_shift"": 5, ""blocks"": [{""kind"": ""shift"", ""out"": 48, ""stride"": 1, ""k"": 3}, {""kind"": ""asym"", ""out"": 96, ""stride"": 2, ""k"": 5}, {""kind"": ""shift"", ""out"": 96, ""stride"": 1, ""k"": 3}, {""kind"": ""asym"", ""out"": 128, ""stride"": 1, ""k"": 5}, {""kind"": ""shift"", ""out"": 128, ""stride"": 1, ""k"": 3}]}","[0.4705, 0.489, 0.4625, 0.4715, 0.458]"
2,1,best,kernel block1 5->7,48546,3350784,12288,0.47430000000000005,0.2500740023085095,1,21.46130216307938,"{""stem_width"": 24, ""act_shift"": 4, ""blocks"": [{""kind"": ""shift"", ""out"": 48, ""stride"": 1, ""k"": 3}, {""kind"": ""asym"", ""out"": 96, ""stride"": 2, ""k"": 7}, {""kind"": ""shift"", ""out"": 96, ""stride"": 1, ""k"": 3}, {""kind"": ""asym"", ""out"": 128, ""stride"": 1, ""k"": 5}, {""kind"": ""shift"", ""out"": 128, ""stride"": 1, ""k"": 3}]}","[0.4815, 0.478, 0.4795, 0.461, 0.4715]"
2,2,best,kernel block1 7->5,48354,3320064,12288,0.46719999999999995,0.2430884227655807,1,21.39353364147246,"{""stem_width"": 24, ""act_shift"": 4, ""blocks"": [{""kind"": ""shift"", ""out"": 48, ""stride"": 1, ""k"": 3}, {""kind"": ""asym"", ""out"": 96, ""stride"": 2, ""k"": 5}, {""kind"": ""shift"", ""out"": 96, ""stride"": 1, ""k"": 3}, {""kind"": ""asym"", ""out"": 128, ""stride"": 1, ""k"": 5}, {""kind"": ""shift"", ""out"": 128, ""stride"": 1, ""k"": 3}]}","[0.476, 0.478, 0.4645, 0.4665, 0.451]"
2,3,best,insert block after 4,65186,4399360,12288,0.0,-inf,0,0.0,"{""stem_width"": 24, ""act_shift"": 4, ""blocks"": [{""kind"": ""shift"", ""out"": 48, ""stride"": 1, ""k"": 3}, {""kind"": ""asym"", ""out"": 96, ""stride"": 2, ""k"": 7}, {""kind"": ""shift"", ""out"": 96, ""stride"": 1, ""k"": 3}, {""kind"": ""asym"", ""out"": 128, ""stride"": 1, ""k"": 5}, {""kind"": ""shift"", ""out"": 128, ""stride"": 1, ""k"": 3}, {""kind"": ""shift"", ""out"": 128, ""stride"": 1, ""k"": 5}]}",[]
3,0,best,width block0 48->160,64002,4977920,40960,0.0,-inf,0,0.0,"{""stem_width"": 24, ""act_shift"": 4, ""blocks"": [{""kind"": ""shift"", ""out"": 160, ""stride"": 1, ""k"": 3}, {""kind"": ""asym"", ""out"": 96, ""stride"": 2, ""k"": 7}, {""kind"": ""shift"", ""out"": 96, ""stride"": 1, ""k"": 3}, {""kind"": ""asym"", ""out"": 128, ""stride"": 1, ""k"": 5}, {""kind"": ""shift"", ""out"": 128, ""stride"": 1, ""k"": 3}]}",[]
3,1,best,drop block2,39138,2760960,12288,0.4680000000000001,0.24732682512686918,1,20.25360995065421,"{""stem_width"": 24, ""act_shift"": 4, ""blocks"": [{""kind"": ""shift"", ""out"": 48, ""stride"": 1, ""k"": 3}, {""kind"": ""asym"", ""out"": 96, ""stride"": 2, ""k"": 7}, {""kind"": ""asym"", ""out"": 128, ""stride"": 1, ""k"": 5}, {""kind"": ""shift"", ""out"": 128, ""stride"": 1, ""k"": 3}]}","[0.472, 0.4615, 0.4605, 0.465, 0.481]"
3,2,best,act leak 2^-4->2^-2,48546,3350784,12288,0.4628,0.23857400230850942,1,21.347409766167402,"{""stem_width"": 24, ""act_shift"": 2, ""blocks"": [{""kind"": ""shift"", ""out"": 48, ""stride"": 1, ""k"": 3}, {""kind"": ""asym"", ""out"": 96, ""stride"": 2, ""k"": 7}, {""kind"": ""shift"", ""out"": 96, ""stride"": 1, ""k"": 3}, {""kind"": ""asym"", ""out"": 128, ""stride"": 1, ""k"": 5}, {""kind"": ""shift"", ""out"": 128, ""stride"": 1, ""k"": 3}]}","[0.483, 0.463, 0.469, 0.4405, 0.4585]"
3,3,best,kind block3 asym->shift,47394,3289344,12288,0.44559999999999994,0.2217433468272508,1,21.738752380013466,"{""stem_width"": 24, ""act_shift"": 4, ""blocks"": [{""kind"": ""shift"", ""out"": 48, ""stride"": 1, ""k"": 3}, {""kind"": ""asym"", ""out"": 96, ""stride"": 2, ""k"": 7}, {""kind"": ""shift"", ""out"": 96, ""stride"": 1, ""k"": 3}, {""kind"": ""shift"", ""out"": 128, ""stride"": 1, ""k"": 5}, {""kind"": ""shift"", ""out"": 128, ""stride"": 1, ""k"": 3}]}","[0.45, 0.453, 0.4465, 0.434, 0.4445]"
4,0,best,kind block4 shift->asym,49570,3399936,12288,0.4748,0.2502662067816898,1,21.27436723280698,"{""stem_width"": 24, ""act_shift"": 4, ""blocks"": [{""kind"": ""shift"", ""out"": 48, ""stride"": 1, ""k"": 3}, {""kind"": ""asym"", ""out"": 96, ""stride"": 2, ""k"": 7}, {""kind"": ""shift"", ""out"": 96, ""stride"": 1, ""k"": 3}, {""kind"": ""asym"", ""out"": 128, ""stride"": 1, ""k"": 5}, {""kind"": ""asym"", ""out"": 128, ""stride"": 1, ""k"": 3}]}","[0.4875, 0.4675, 0.4825, 0.464, 0.4725]"
4,1,best,drop block1,39394,9424128,32768,0.4471,0.2157065748657329,1,20.22743695229292,"{""stem_width"": 24, ""act_shift"": 4, ""blocks"": [{""kind"": ""shift"", ""out"": 48, ""stride"": 1, ""k"": 3}, {""kind"": ""shift"", ""out"": 96, ""stride"": 1, ""k"": 3}, {""kind"": ""asym"", ""out"": 128, ""stride"": 1, ""k"": 5}, {""kind"": ""asym"", ""out"": 128, ""stride"": 1, ""k"": 3}]}","[0.4555, 0.4655, 0.456, 0.4335, 0.425]"
4,2,best,insert block after 3,68258,4563200,12288,0.0,-inf,0,0.0,"{""stem_width"": 24, ""act_shift"": 4, ""blocks"": [{""kind"": ""shift"", ""out"": 48, ""stride"": 1, ""k"": 3}, {""kind"": ""asym"", ""out"": 96, ""stride"": 2, ""k"": 7}, {""kind"": ""shift"", ""out"": 96, ""stride"": 1, ""k"": 3}, {""kind"": ""asym"", ""out"": 128, ""stride"": 1, ""k"": 5}, {""kind"": ""asym"", ""out"": 128, ""stride"": 1, ""k"": 7}, {""kind"": ""asym"", ""out"": 128, ""stride"": 1, ""k"": 3}]}",[]
4,3,best,kind block0 shift->asym,49762,3436800,12288,0.48860000000000003,0.26393895826837177,1,20.975815074518323,"{""stem_width"": 24, ""act_shift"": 4, ""blocks"": [{""kind"": ""asym"", ""out"": 48, ""stride"": 1, ""k"": 3}, {""kind"": ""asym"", ""out"": 96, ""stride"": 2, ""k"": 7}, {""kind"": ""shift"", ""out"": 96, ""stride"": 1, ""k"": 3}, {""kind"": ""asym"", ""out"": 128, ""stride"": 1, ""k"": 5}, {""kind"": ""asym"", ""out"": 128, ""stride"": 1, ""k"": 3}]}","[0.485, 0.49, 0.489, 0.498, 0.481]"
5,0,best,stride block4 1->2,49762,2631936,12288,0.48069999999999996,0.258356536972813,1,21.309412696398795,"{""stem_width"": 24, ""act_shift"": 4, ""blocks"": [{""kind"": ""asym"", ""out"": 48, ""stride"": 1, ""k"": 3}, {""kind"": ""asym"", ""out"": 96, ""stride"": 2, ""k"": 7}, {""kind"": ""shift"", ""out"": 96, ""stride"": 1, ""k"": 3}, {""kind"": ""asym"", ""out"": 128, ""stride"": 1, ""k"": 5}, {""kind"": ""asym"", ""out"": 128, ""stride"": 2, ""k"": 3}]}","[0.471, 0.4895, 0.484, 0.49, 0.469]"
5,1,best,width block0 48->128,60802,4599040,32768,0.0,-inf,0,0.0,"{""stem_width"": 24, ""act_shift"": 4, ""blocks"": [{""kind"": ""asym"", ""out"": 128, ""stride"": 1, ""k"": 3}, {""kind"": ""asym"", ""out"": 96, ""stride"": 2, ""k"": 7}, {""kind"": ""shift"", ""out"": 96, ""stride"": 1, ""k"": 3}, {""kind"": ""asym"", ""out"": 128, ""stride"": 1, ""k"": 5}, {""kind"": ""asym"", ""out"": 128, ""stride"": 1, ""k"": 3}]}",[]
5,2,best,stride block3 1->2,49762,2000640,12288,0.49250000000000005,0.27253866450869957,1,21.41178532037884,"{""stem_width"": 24, ""act_shift"": 4, ""blocks"": [{""kind"": ""asym"", ""out"": 48, ""stride"": 1, ""k"": 3}, {""kind"": ""asym"", ""out"": 96, ""stride"": 2, ""k"": 7}, {""kind"": ""shift"", ""out"": 96, ""stride"": 1, ""k"": 3}, {""kind"": ""asym"", ""out"": 128, ""stride"": 2, ""k"": 5}, {""kind"": ""asym"", ""out"": 128, ""stride"": 1, ""k"": 3}]}","[0.4915, 0.504, 0.502, 0.491, 0.474]"
5,3,best,drop block0,45634,1467648,6144,0.472,0.25548179109697794,1,20.07353082858026,"{""stem_width"": 24, ""act_shift"": 4, ""blocks"": [{""kind"": ""asym"", ""out"": 96, ""stride"": 2, ""k"": 7}, {""kind"": ""shift"", ""out"": 96, ""stride"": 1, ""k"": 3}, {""kind"": ""asym"", ""out"": 128, ""stride"": 2, ""k"": 5}, {""kind"": ""asym"", ""out"": 128, ""stride"": 1, ""k"": 3}]}","[0.4785, 0.467, 0.472, 0.465, 0.4775]"
6,0,best,insert block after 3,67426,2275072,12288,0.0,-inf,0,0.0,"{""stem_width"": 24, ""act_shift"": 4, ""blocks"": [{""kind"": ""asym"", ""out"": 48, ""stride"": 1, ""k"": 3}, {""kind"": ""asym"", ""out"": 96, ""stride"": 2, ""k"": 7}, {""kind"": ""shift"", ""out"": 96, ""stride"": 1, ""k"": 3}, {""kind"": ""asym"", ""out"": 128, ""stride"": 2, ""k"": 5}, {""kind"": ""asym"", ""out"": 128, ""stride"": 1, ""k"": 3}, {""kind"": ""asym"", ""out"": 128, ""stride"": 1, ""k"": 3}]}",[]
6,1,best,drop block2,40354,1410816,12288,0.48319999999999996,0.26809286068003335,1,20.167699513025582,"{""stem_width"": 24, ""act_shift"": 4, ""blocks"": [{""kind"": ""asym"", ""out"": 48, ""stride"": 1, ""k"": 3}, {""kind"": ""asym"", ""out"": 96, ""stride"": 2, ""k"": 7}, {""kind"": ""asym"", ""out"": 128, ""stride"": 2, ""k"": 5}, {""kind"": ""asym"", ""out"": 128, ""stride"": 1, ""k"": 3}]}","[0.488, 0.4875, 0.4795, 0.4905, 0.4705]"
6,2,best,drop block0,45634,1467648,6144,0.4734999999999999,0.2569817910969779,1,20.172415574081242,"{""stem_width"": 24, ""act_shift"": 4, ""blocks"": [{""kind"": ""asym"", ""out"": 96, ""stride"": 2, ""k"": 7}, {""kind"": ""shift"", ""out"": 96, ""stride"": 1, ""k"": 3}, {""kind"": ""asym"", ""out"": 128, ""stride"": 2, ""k"": 5}, {""kind"": ""asym"", ""out"": 128, ""stride"": 1, ""k"": 3}]}","[0.4755, 0.475, 0.4705, 0.469, 0.4775]"
6,3,best,kernel block1 7->3,49378,1939200,12288,0.4941,0.27447687804336157,1,20.981258221901953,"{""stem_width"": 24, ""act_shift"": 4, ""blocks"": [{""kind"": ""asym"", ""out"": 48, ""stride"": 1, ""k"": 3}, {""kind"": ""asym"", ""out"": 96, ""stride"": 2, ""k"": 3}, {""kind"": ""shift"", ""out"": 96, ""stride"": 1, ""k"": 3}, {""kind"": ""asym"", ""out"": 128, ""stride"": 2, ""k"": 5}, {""kind"": ""asym"", ""out"": 128, ""stride"": 1, ""k"": 3}]}","[0.497, 0.4985, 0.5, 0.4895, 0.4855]"
7,0,best,stride block1 2->1,49378,6149376,24576,0.476,0.24635270912231177,1,21.31715777888894,"{""stem_width"": 24, ""act_shift"": 4, ""blocks"": [{""kind"": ""asym"", ""out"": 48, ""stride"": 1, ""k"": 3}, {""kind"": ""asym"", ""out"": 96, ""stride"": 1, ""k"": 3}, {""kind"": ""shift"", ""out"": 96, ""stride"": 1, ""k"": 3}, {""kind"": ""asym"", ""out"": 128, ""stride"": 2, ""k"": 5}, {""kind"": ""asym"", ""out"": 128, ""stride"": 1, ""k"": 3}]}","[0.4795, 0.4815, 0.4735, 0.4765, 0.469]"
7,1,best,stride block4 1->2,49378,1737984,12288,0.4908,0.2721284146133606,1,21.473962204530835,"{""stem_width"": 24, ""act_shift"": 4, ""blocks"": [{""kind"": ""asym"", ""out"": 48, ""stride"": 1, ""k"": 3}, {""kind"": ""asym"", ""out"": 96, ""stride"": 2, ""k"": 3}, {""kind"": ""shift"", ""out"": 96, ""stride"": 1, ""k"": 3}, {""kind"": ""asym"", ""out"": 128, ""stride"": 2, ""k"": 5}, {""kind"": ""asym"", ""out"": 128, ""stride"": 2, ""k"": 3}]}","[0.4915, 0.484, 0.486, 0.5015, 0.491]"
7,2,best,act leak 2^-4->2^-2,49378,1939200,12288,0.4833,0.2636768780433616,1,21.286141705699265,"{""stem_width"": 24, ""act_shift"": 2, ""blocks"": [{""kind"": ""asym"", ""out"": 48, ""stride"": 1, ""k"": 3}, {""kind"": ""asym"", ""out"": 96, ""stride"": 2, ""k"": 3}, {""kind"": ""shift"", ""out"": 96, ""stride"": 1, ""k"": 3}, {""kind"": ""asym"", ""out"": 128, ""stride"": 2, ""k"": 5}, {""kind"": ""asym"", ""out"": 128, ""stride"": 1, ""k"": 3}]}","[0.4885, 0.492, 0.481, 0.4785, 0.4765]"
7,3,best,kind block4 asym->shift,48354,1926912,12288,0.47989999999999994,0.2605141142499615,1,21.606179969385266,"{""stem_width"": 24, ""act_shift"": 4, ""blocks"": [{""kind"": ""asym"", ""out"": 48, ""stride"": 1, ""k"": 3}, {""kind"": ""asym"", ""out"": 96, ""stride"": 2, ""k"": 3}, {""kind"": ""shift"", ""out"": 96, ""stride"": 1, ""k"": 3}, {""kind"": ""asym"", ""out"": 128, ""stride"": 2, ""k"": 5}, {""kind"": ""shift"", ""out"": 128, ""stride"": 1, ""k"": 3}]}","[0.4675, 0.4895, 0.5015, 0.486, 0.455]"
8,0,best,act leak 2^-4->2^-3,49378,1939200,12288,0.489,0.2693768780433616,1,21.424393224529922,"{""stem_width"": 24, ""act_shift"": 3, ""blocks"": [{""kind"": ""asym"", ""out"": 48, ""stride"": 1, ""k"": 3}, {""kind"": ""asym"", ""out"": 96, ""stride"": 2, ""k"": 3}, {""kind"": ""shift"", ""out"": 96, ""stride"": 1, ""k"": 3}, {""kind"": ""asym"", ""out"": 128, ""stride"": 2, ""k"": 5}, {""kind"": ""asym"", ""out"": 128, ""stride"": 1, ""k"": 3}]}","[0.495, 0.4935, 0.49, 0.487, 0.4795]"
8,1,best,insert block after 2,58786,2529024,12288,0.0,-inf,0,0.0,"{""stem_width"": 24, ""act_shift"": 4, ""blocks"": [{""kind"": ""asym"", ""out"": 48, ""stride"": 1, ""k"": 3}, {""kind"": ""asym"", ""out"": 96, ""stride"": 2, ""k"": 3}, {""kind"": ""shift"", ""out"": 96, ""stride"": 1, ""k"": 3}, {""kind"": ""shift"", ""out"": 96, ""stride"": 1, ""k"": 7}, {""kind"": ""asym"", ""out"": 128, ""stride"": 2, ""k"": 5}, {""kind"": ""asym"", ""out"": 128, ""stride"": 1, ""k"": 3}]}",[]
8,2,best,kind block4 asym->shift,48354,1926912,12288,0.47940000000000005,0.2600141142499617,1,21.449807282537222,"{""stem_width"": 24, ""act_shift"": 4, ""blocks"": [{""kind"": ""asym"", ""out"": 48, ""stride"": 1, ""k"": 3}, {""kind"": ""asym"", ""out"": 96, ""stride"": 2, ""k"": 3}, {""kind"": ""shift"", ""out"": 96, ""stride"": 1, ""k"": 3}, {""kind"": ""asym"", ""out"": 128, ""stride"": 2, ""k"": 5}, {""kind"": ""shift"", ""out"": 128, ""stride"": 1, ""k"": 3}]}","[0.4655, 0.4895, 0.4955, 0.489, 0.4575]"
8,3,best,kernel block3 5->7,49762,1954560,12288,0.495,0.27524106332795484,1,21.393659600056708,"{""stem_width"": 24, ""act_shift"": 4, ""blocks"": [{""kind"": ""asym"", ""out"": 48, ""stride"": 1, ""k"": 3}, {""kind"": ""asym"", ""out"": 96, ""stride"": 2, ""k"": 3}, {""kind"": ""shift"", ""out"": 96, ""stride"": 1, ""k"": 3}, {""kind"": ""asym"", ""out"": 128, ""stride"": 2, ""k"": 7}, {""kind"": ""asym"", ""out"": 128, ""stride"": 1, ""k"": 3}]}","[0.488, 0.4995, 0.5, 0.5115, 0.476]"
